-- Restauración de datos desde backup 2025-12-16
-- Nota: tras insertar auth.users, ejecutar fix_auth_null_tokens.sql
SET session_replication_role = replica;

-- auth.users
INSERT INTO auth.users (instance_id, id, aud, role, email, encrypted_password, email_confirmed_at, confirmation_token, confirmation_sent_at, last_sign_in_at, raw_app_meta_data, raw_user_meta_data, created_at, updated_at, email_change_confirm_status, is_sso_user, is_anonymous) VALUES
('00000000-0000-0000-0000-000000000000', '32578639-21a2-4669-b9e6-1104294b078d', 'authenticated', 'authenticated', 'andy@nuevo.com', '$2a$10$w4iEItU7YrowK/E9vsfDl.l27QV0Kcb8a1yVhQ4ry3Fv4v/7AEHwi', NULL, 'f4cb45a543d436b309bc42f8cc665722d039134d95f2a4e1534882e7', '2025-12-06 01:39:02.441877+00', NULL, '{"provider": "email", "providers": ["email"]}', '{"sub": "32578639-21a2-4669-b9e6-1104294b078d", "role": "adopter", "email": "andy@nuevo.com", "phone": "300125838593", "full_name": "Andres Hernesto", "email_verified": false, "phone_verified": false}', '2025-12-06 01:37:37.865626+00', '2025-12-06 01:39:03.835484+00', 0, false, false),
('00000000-0000-0000-0000-000000000000', 'c7df08eb-7f59-4126-ae54-e5c636aedf3d', 'authenticated', 'authenticated', 'admin@admin.com', '$2a$10$lILwTtDYERuaQLwGy50iGuoeoC7MhsKh5bcdRdh.qTBsGi6B8z5P6', '2025-11-30 01:26:22.467585+00', NULL, NULL, '2025-12-06 01:05:38.467277+00', '{"provider": "email", "providers": ["email"]}', '{"email_verified": true}', '2025-11-30 01:26:22.438127+00', '2025-12-06 01:05:38.508413+00', 0, false, false),
('00000000-0000-0000-0000-000000000000', 'db9884af-053f-4897-be99-5ee7909282dd', 'authenticated', 'authenticated', 'adopter3@adopter3.com', '$2a$10$DLQt5X9INWqBSGEM61BvduhO12/pUy5ue8uod/LO9Cu7u3ybq1EB.', '2025-11-30 01:28:58.492206+00', NULL, NULL, NULL, '{"provider": "email", "providers": ["email"]}', '{"email_verified": true}', '2025-11-30 01:28:58.488028+00', '2025-11-30 01:28:58.493508+00', 0, false, false),
('00000000-0000-0000-0000-000000000000', 'f05703f0-a142-4fb4-b7fa-91580d009245', 'authenticated', 'authenticated', 'foundation1@foundation1.com', '$2a$10$xGJObQv9GLXqSqsXrUu2qOE8wHxr4lzZ/cqbz2nZwcd8zSxrBYjP2', '2025-11-30 01:27:59.380928+00', NULL, NULL, NULL, '{"provider": "email", "providers": ["email"]}', '{"email_verified": true}', '2025-11-30 01:27:59.376006+00', '2025-11-30 01:27:59.383567+00', 0, false, false),
('00000000-0000-0000-0000-000000000000', '1d475296-8a2d-44fe-ae63-34b18e084686', 'authenticated', 'authenticated', 'foundation2@foundation2.com', '$2a$10$7/46fZ4TWuFjDyzV5FfYf.Z2dhX1eTi2alvxBp6MJjQkhllhtVjrC', '2025-11-30 01:28:14.455498+00', NULL, NULL, NULL, '{"provider": "email", "providers": ["email"]}', '{"email_verified": true}', '2025-11-30 01:28:14.448813+00', '2025-11-30 01:28:14.457462+00', 0, false, false),
('00000000-0000-0000-0000-000000000000', 'beabee59-de23-43ef-b3b4-5865ba5e4d68', 'authenticated', 'authenticated', 'foundation3@foundation3.com', '$2a$10$W38NabPlb8B9lHFEwDXAbubNe0J13Phser3i3BpNyH4/ypvxrXPuy', '2025-11-30 01:28:25.462718+00', NULL, NULL, NULL, '{"provider": "email", "providers": ["email"]}', '{"email_verified": true}', '2025-11-30 01:28:25.459461+00', '2025-11-30 01:28:25.464008+00', 0, false, false),
('00000000-0000-0000-0000-000000000000', '23d1c6ca-0c73-4721-ac13-e4798bffe965', 'authenticated', 'authenticated', 'andrescara@gmail.com', '$2a$10$nRVu2LFo90CFK9HCu8OvrOYpmQV9kjT.OioYYLsSYaNE/ug2sicci', NULL, '37edc897443e123e81c0cdda78d628f460adac5c25ae9fc3063dc24a', '2025-12-06 01:32:31.076826+00', NULL, '{"provider": "email", "providers": ["email"]}', '{"sub": "23d1c6ca-0c73-4721-ac13-e4798bffe965", "email": "andrescara@gmail.com", "full_name": "Andres Gomez", "email_verified": false, "phone_verified": false}', '2025-12-06 01:32:30.971838+00', '2025-12-06 01:32:32.584245+00', 0, false, false),
('00000000-0000-0000-0000-000000000000', '9dc631bb-88b5-4968-b0a0-599f2c0da5d3', 'authenticated', 'authenticated', 'adopter1@adopter1.com', '$2a$10$wWwaGSFnrs/2s10sY.MTBu5W98sBGw3DbxhNrErD2m0NSTYmMujLS', '2025-11-30 01:28:36.673463+00', NULL, NULL, NULL, '{"provider": "email", "providers": ["email"]}', '{"email_verified": true}', '2025-11-30 01:28:36.670826+00', '2025-11-30 01:28:36.674215+00', 0, false, false),
('00000000-0000-0000-0000-000000000000', 'c5a485a7-67ea-49d3-acf5-d4605ff4b840', 'authenticated', 'authenticated', 'adopter2@adopter2.com', '$2a$10$L9Bc/m7dkgifD1rp.gma6O8riYOjWqbOVvYxgQvwowUViRJD/jPDW', '2025-11-30 01:28:46.911829+00', NULL, NULL, NULL, '{"provider": "email", "providers": ["email"]}', '{"email_verified": true}', '2025-11-30 01:28:46.908627+00', '2025-11-30 01:28:46.913247+00', 0, false, false);

-- auth.identities
INSERT INTO auth.identities (provider_id, user_id, identity_data, provider, last_sign_in_at, created_at, updated_at, id) VALUES
('c7df08eb-7f59-4126-ae54-e5c636aedf3d', 'c7df08eb-7f59-4126-ae54-e5c636aedf3d', '{"sub": "c7df08eb-7f59-4126-ae54-e5c636aedf3d", "email": "admin@admin.com", "email_verified": false, "phone_verified": false}', 'email', '2025-11-30 01:26:22.456218+00', '2025-11-30 01:26:22.456277+00', '2025-11-30 01:26:22.456277+00', '658d9ebf-e249-45ed-a94b-64abeb406dfc'),
('f05703f0-a142-4fb4-b7fa-91580d009245', 'f05703f0-a142-4fb4-b7fa-91580d009245', '{"sub": "f05703f0-a142-4fb4-b7fa-91580d009245", "email": "foundation1@foundation1.com", "email_verified": false, "phone_verified": false}', 'email', '2025-11-30 01:27:59.378628+00', '2025-11-30 01:27:59.378718+00', '2025-11-30 01:27:59.378718+00', 'bb455a1c-12b9-460a-8997-c6ef65b3257a'),
('1d475296-8a2d-44fe-ae63-34b18e084686', '1d475296-8a2d-44fe-ae63-34b18e084686', '{"sub": "1d475296-8a2d-44fe-ae63-34b18e084686", "email": "foundation2@foundation2.com", "email_verified": false, "phone_verified": false}', 'email', '2025-11-30 01:28:14.45285+00', '2025-11-30 01:28:14.45349+00', '2025-11-30 01:28:14.45349+00', '78ce8997-c804-4a27-8d02-33642ff2fa82'),
('beabee59-de23-43ef-b3b4-5865ba5e4d68', 'beabee59-de23-43ef-b3b4-5865ba5e4d68', '{"sub": "beabee59-de23-43ef-b3b4-5865ba5e4d68", "email": "foundation3@foundation3.com", "email_verified": false, "phone_verified": false}', 'email', '2025-11-30 01:28:25.461378+00', '2025-11-30 01:28:25.461426+00', '2025-11-30 01:28:25.461426+00', '6053c528-b202-4278-8397-34af62c58f32'),
('9dc631bb-88b5-4968-b0a0-599f2c0da5d3', '9dc631bb-88b5-4968-b0a0-599f2c0da5d3', '{"sub": "9dc631bb-88b5-4968-b0a0-599f2c0da5d3", "email": "adopter1@adopter1.com", "email_verified": false, "phone_verified": false}', 'email', '2025-11-30 01:28:36.672116+00', '2025-11-30 01:28:36.672185+00', '2025-11-30 01:28:36.672185+00', 'cce80bb7-c9ff-4700-9e99-08bd8a049e38'),
('c5a485a7-67ea-49d3-acf5-d4605ff4b840', 'c5a485a7-67ea-49d3-acf5-d4605ff4b840', '{"sub": "c5a485a7-67ea-49d3-acf5-d4605ff4b840", "email": "adopter2@adopter2.com", "email_verified": false, "phone_verified": false}', 'email', '2025-11-30 01:28:46.910123+00', '2025-11-30 01:28:46.910177+00', '2025-11-30 01:28:46.910177+00', 'b4756f30-95f6-4ab0-ba96-f7d9220b34e4'),
('db9884af-053f-4897-be99-5ee7909282dd', 'db9884af-053f-4897-be99-5ee7909282dd', '{"sub": "db9884af-053f-4897-be99-5ee7909282dd", "email": "adopter3@adopter3.com", "email_verified": false, "phone_verified": false}', 'email', '2025-11-30 01:28:58.490051+00', '2025-11-30 01:28:58.490099+00', '2025-11-30 01:28:58.490099+00', '274c00f3-4e4d-42b9-b1ad-db7e127a645a'),
('23d1c6ca-0c73-4721-ac13-e4798bffe965', '23d1c6ca-0c73-4721-ac13-e4798bffe965', '{"sub": "23d1c6ca-0c73-4721-ac13-e4798bffe965", "email": "andrescara@gmail.com", "full_name": "Andres Gomez", "email_verified": false, "phone_verified": false}', 'email', '2025-12-06 01:32:31.058718+00', '2025-12-06 01:32:31.059546+00', '2025-12-06 01:32:31.059546+00', '02122036-96c8-4ae0-9d72-4f4f39409169'),
('32578639-21a2-4669-b9e6-1104294b078d', '32578639-21a2-4669-b9e6-1104294b078d', '{"sub": "32578639-21a2-4669-b9e6-1104294b078d", "role": "adopter", "email": "andy@nuevo.com", "phone": "300125838593", "full_name": "Andres Hernesto", "email_verified": false, "phone_verified": false}', 'email', '2025-12-06 01:37:37.877572+00', '2025-12-06 01:37:37.877618+00', '2025-12-06 01:37:37.877618+00', '20e1816e-d83a-49d1-b289-e348f55d018e');

INSERT INTO public.profiles (id, full_name, avatar_url, phone, role, created_at, updated_at) VALUES
('f05703f0-a142-4fb4-b7fa-91580d009245', 'foundation1', NULL, NULL, 'adopter', '2025-11-30 01:27:59.375007+00', '2025-11-30 01:27:59.375007+00'),
('1d475296-8a2d-44fe-ae63-34b18e084686', 'foundation2', NULL, NULL, 'adopter', '2025-11-30 01:28:14.448455+00', '2025-11-30 01:28:14.448455+00'),
('beabee59-de23-43ef-b3b4-5865ba5e4d68', 'foundation3', NULL, NULL, 'adopter', '2025-11-30 01:28:25.459113+00', '2025-11-30 01:28:25.459113+00'),
('9dc631bb-88b5-4968-b0a0-599f2c0da5d3', 'adopter1', NULL, NULL, 'adopter', '2025-11-30 01:28:36.670469+00', '2025-11-30 01:28:36.670469+00'),
('c5a485a7-67ea-49d3-acf5-d4605ff4b840', 'adopter2', NULL, NULL, 'adopter', '2025-11-30 01:28:46.908277+00', '2025-11-30 01:28:46.908277+00'),
('db9884af-053f-4897-be99-5ee7909282dd', 'adopter3', NULL, NULL, 'adopter', '2025-11-30 01:28:58.487677+00', '2025-11-30 01:28:58.487677+00'),
('c7df08eb-7f59-4126-ae54-e5c636aedf3d', 'admin', NULL, NULL, 'admin', '2025-11-30 01:26:22.436002+00', '2025-12-03 03:16:41.39175+00'),
('23d1c6ca-0c73-4721-ac13-e4798bffe965', 'Andres Gomez', NULL, NULL, 'adopter', '2025-12-06 01:32:30.969536+00', '2025-12-06 01:32:30.969536+00'),
('32578639-21a2-4669-b9e6-1104294b078d', 'Andres Hernesto', NULL, NULL, 'adopter', '2025-12-06 01:37:37.865284+00', '2025-12-06 01:37:37.865284+00');

INSERT INTO public.foundations (id, profile_id, foundation_name, description, logo_url, location_city, location_address, whatsapp_number, email, website_url, is_verified, verified_at, donation_link, instagram_url, facebook_url, created_at, updated_at) VALUES
('cf755913-f31e-45e6-8fa1-9f482a19276f', 'f05703f0-a142-4fb4-b7fa-91580d009245', 'Patitas Felices Pasto', 'Somos una fundación dedicada al rescate, rehabilitación y adopción de perros y gatos en situación de calle en Pasto. Desde 2018 hemos encontrado hogar para más de 500 peluditos. Trabajamos con amor y dedicación para darles una segunda oportunidad.', NULL, 'Pasto', 'Barrio Lorenzo, Calle 18 #25-30', '573101234567', 'patitasfelices@email.com', NULL, true, '2025-11-30 01:32:17.00029+00', 'https://nequi.com/patitasfelices', 'https://instagram.com/patitasfelicespasto', 'https://facebook.com/patitasfelicespasto', '2025-11-30 01:32:17.00029+00', '2025-11-30 01:32:17.00029+00'),
('552a637d-f3d3-4c84-9c14-7f643164b7ea', '1d475296-8a2d-44fe-ae63-34b18e084686', 'Gatos de Pasto', 'Nos especializamos en el rescate y cuidado de gatos abandonados en Pasto. Brindamos atención veterinaria, esterilización y encontramos hogares responsables. Cada gato merece amor y un hogar cálido.', NULL, 'Pasto', 'Centro, Carrera 27 #16-45', '573201234567', 'gatosdepasto@email.com', NULL, true, '2025-11-30 01:32:17.00029+00', 'https://daviplata.com/gatosdepasto', 'https://instagram.com/gatosdepasto', NULL, '2025-11-30 01:32:17.00029+00', '2025-11-30 01:32:17.00029+00'),
('b3a0b67f-caf8-40b3-a439-8cb94350e80d', 'beabee59-de23-43ef-b3b4-5865ba5e4d68', 'Rescate Animal Nariño', 'Rescatamos y rehabilitamos animales víctimas de maltrato y abandono en todo el departamento de Nariño. Nuestro refugio temporal les brinda un espacio seguro mientras encuentran su familia definitiva.', NULL, 'Pasto', 'Aranda, Calle 12 #8-15', '573151234567', 'rescateanimalnarino@email.com', NULL, true, '2025-11-30 01:32:17.00029+00', 'https://nequi.com/rescateanimalnarino', NULL, NULL, '2025-11-30 01:32:17.00029+00', '2025-11-30 01:32:17.00029+00');

SET session_replication_role = DEFAULT;
